application,framework,benchmark,mem_size,mem_freq,channels,cpu_freq,core_count,input_size,exe_time,IPC,L3_hit,L2_hit,C0_residency,CPU_Energy,DRAM_Energy,EDP(k),CPU_watt,DRAM_watt,BW

naivebayes,flink,bigdatabench,16,2133,2,2.1,16,1,0.998,1.14688,0.916636,0.603225,23.4664,44.9337,0.965078,0.0458069,45.0237,0.967012,532.503
naivebayes,flink,bigdatabench,16,2133,2,2.1,16,1,0.998,1.06101,0.751963,0.517711,27.552,45.2339,1.33872,0.0464795,45.3246,1.3414,2889.3
naivebayes,flink,bigdatabench,16,2133,2,2.1,16,1,0.998,1.05614,0.776431,0.595094,22.5155,44.0388,1.33385,0.0452819,44.1271,1.33653,2869.59
naivebayes,flink,bigdatabench,16,2133,2,2.1,16,1,0.998,0.519305,0.456664,0.358505,51.6191,53.1349,2.61982,0.0556433,53.2414,2.62507,13111.3
naivebayes,flink,bigdatabench,16,2133,2,2.1,16,1,0.998,0.415098,0.321961,0.248336,91.9495,61.8531,2.32967,0.0640544,61.977,2.33434,12538.3
naivebayes,flink,bigdatabench,16,2133,2,2.1,16,1,0.998,0.463684,0.266949,0.24352,52.6259,52.9448,2.73982,0.0555732,53.0509,2.74531,15940.4
naivebayes,flink,bigdatabench,16,2133,2,2.1,16,1,1.014,0.422418,0.334663,0.315973,54.5305,54.1648,2.39792,0.0573546,53.417,2.36482,12680.1
naivebayes,flink,bigdatabench,16,2133,2,2.1,16,1,1.034,0.527266,0.271368,0.322363,13.5886,43.6161,1.78442,0.0469442,42.182,1.72575,7260.11
naivebayes,flink,bigdatabench,16,2133,2,2.1,16,1,1.113,0.653757,0.768267,0.525457,11.8801,44.7316,1.07825,0.0509864,40.1901,0.96878,932.057
naivebayes,flink,bigdatabench,16,2133,2,2.1,16,1,0.999,0.627196,0.762988,0.538878,4.90538,36.593,0.880087,0.0374356,36.6296,0.880968,351.504
naivebayes,flink,bigdatabench,16,2133,2,2.1,16,1,0.999,0.517336,0.743296,0.533764,10.6719,37.8698,0.864985,0.0386961,37.9077,0.865851,343.021
naivebayes,flink,bigdatabench,16,2133,2,2.1,16,1,0.998,0.651967,0.811435,0.643293,3.58559,36.5239,0.958606,0.0374076,36.5971,0.960527,511.495
naivebayes,flink,bigdatabench,16,2133,2,2.1,16,1,0.998,1.63083,0.906247,0.622404,8.16339,38.8233,0.926644,0.0396704,38.9011,0.928502,290.428
naivebayes,flink,bigdatabench,16,2133,2,2.1,16,1,0.998,1.37223,0.900414,0.616541,7.98744,38.5323,0.861283,0.0393148,38.6095,0.863009,285.928
naivebayes,flink,bigdatabench,16,2133,2,2.1,16,1,0.998,1.13798,0.945652,0.52363,8.39232,38.475,0.881387,0.0392777,38.5521,0.883153,222.651
naivebayes,flink,bigdatabench,16,2133,2,2.1,16,1,1.006,1.4891,0.906025,0.616106,9.61558,38.8109,0.927593,0.0399769,38.5794,0.922061,413
naivebayes,flink,bigdatabench,16,2133,2,2.1,16,1,0.998,1.18718,0.915174,0.540742,10.6966,38.1248,0.844254,0.0388911,38.2012,0.845946,409.866
naivebayes,flink,bigdatabench,16,2133,2,2.1,16,1,0.998,0.855552,0.930749,0.50189,19.5212,43.0811,1.04429,0.0440371,43.1674,1.04638,1081.34
naivebayes,flink,bigdatabench,16,2133,2,2.1,16,1,0.998,1.13968,0.714826,0.552439,68.2408,58.681,1.66123,0.0602216,58.7986,1.66456,5895.58
naivebayes,flink,bigdatabench,16,2133,2,2.1,16,1,0.998,0.517142,0.662029,0.522031,41.525,46.6185,0.897223,0.0474207,46.712,0.899021,402.604
naivebayes,flink,bigdatabench,16,2133,2,2.1,16,1,0.998,0.406555,0.0605208,0.1321,79.2902,56.7725,2.15969,0.0588143,56.8863,2.16401,11767.1
naivebayes,flink,bigdatabench,16,2133,2,2.1,16,1,0.998,0.406571,0.146442,0.180039,70.469,55.1536,1.71663,0.0567565,55.2642,1.72007,8077.41
naivebayes,flink,bigdatabench,16,2133,2,2.1,16,1,0.998,1.84917,0.658141,0.594603,41.4381,52.9977,1.95303,0.0548409,53.1039,1.95694,7166.36
naivebayes,flink,bigdatabench,16,2133,2,2.1,16,1,0.998,0.477114,0.0830731,0.181083,76.5113,56.4225,2.31149,0.0586166,56.5356,2.31613,12583
naivebayes,flink,bigdatabench,16,2133,2,2.1,16,1,1.014,1.14607,0.202312,0.349498,80.7925,62.1241,2.79303,0.065826,61.2664,2.75447,15274.3
naivebayes,flink,bigdatabench,16,2133,2,2.1,16,1,0.999,0.426019,0.0631332,0.150083,78.5736,56.8488,2.33906,0.0591286,56.9057,2.34141,13240.6
naivebayes,flink,bigdatabench,16,2133,2,2.1,16,1,0.998,1.22439,0.243879,0.390514,82.8544,63.3897,2.73804,0.0659955,63.5167,2.74353,15283.5
naivebayes,flink,bigdatabench,16,2133,2,2.1,16,1,0.999,0.433348,0.0672127,0.16197,79.6988,57.5514,2.39831,0.0598897,57.609,2.40071,13945.6
naivebayes,flink,bigdatabench,16,2133,2,2.1,16,1,0.998,1.20345,0.183751,0.348517,81.3539,62.7316,2.75544,0.065356,62.8573,2.76096,15406
naivebayes,flink,bigdatabench,16,2133,2,2.1,16,1,1.001,1.77891,0.337235,0.505139,82.3004,66.4519,2.97395,0.0694953,66.3855,2.97098,16673
naivebayes,flink,bigdatabench,16,2133,2,2.1,16,1,0.998,0.602043,0.0829036,0.195731,80.0388,58.3096,2.41521,0.0606034,58.4265,2.42005,13868.2
naivebayes,flink,bigdatabench,16,2133,2,2.1,16,1,1.004,1.17108,0.174268,0.347871,82.9683,63.0482,2.73494,0.0660463,62.797,2.72404,15652.7
naivebayes,flink,bigdatabench,16,2133,2,2.1,16,1,1.018,1.60939,0.277272,0.443964,79.8021,65.1593,2.88379,0.0692679,64.0072,2.8328,16101.5
naivebayes,flink,bigdatabench,16,2133,2,2.1,16,1,1.01,1.9697,0.414238,0.552225,82.7012,68.0019,3.05823,0.0717707,67.3286,3.02795,16568.1
naivebayes,flink,bigdatabench,16,2133,2,2.1,16,1,1.007,1.99873,0.419384,0.555917,83.3591,68.4119,3.0695,0.0719817,67.9363,3.04816,16935.9
naivebayes,flink,bigdatabench,16,2133,2,2.1,16,1,0.999,1.87847,0.470646,0.522289,81.9701,67.7685,2.94453,0.0706423,67.8363,2.94748,15513.2
naivebayes,flink,bigdatabench,16,2133,2,2.1,16,1,0.999,1.69826,0.311347,0.45828,83.2604,66.6551,2.95411,0.0695396,66.7218,2.95707,16113.5
naivebayes,flink,bigdatabench,16,2133,2,2.1,16,1,0.998,1.96076,0.413383,0.547364,84.7541,68.7869,3.09086,0.071734,68.9248,3.09705,17111.3
naivebayes,flink,bigdatabench,16,2133,2,2.1,16,1,0.999,2.00371,0.417231,0.546411,83.3117,68.4023,3.06965,0.0714005,68.4708,3.07273,16767.3
naivebayes,flink,bigdatabench,16,2133,2,2.1,16,1,0.999,2.00591,0.408307,0.549123,83.0922,68.2122,3.1229,0.0712637,68.2804,3.12602,16743.9
naivebayes,flink,bigdatabench,16,2133,2,2.1,16,1,0.998,2.01485,0.405724,0.549174,82.6937,68.3007,3.10157,0.0712595,68.4376,3.10779,16732.6
naivebayes,flink,bigdatabench,16,2133,2,2.1,16,1,0.999,2.02702,0.4073,0.548126,82.258,68.0544,3.11324,0.0710965,68.1225,3.11636,16745.9
naivebayes,flink,bigdatabench,16,2133,2,2.1,16,1,1.003,2.01586,0.384802,0.535139,83.2034,68.47,3.10331,0.071788,68.2652,3.09403,16935
naivebayes,flink,bigdatabench,16,2133,2,2.1,16,1,0.998,1.98017,0.453532,0.569164,83.5812,68.4996,2.98916,0.0713458,68.6369,2.99515,16392.1
naivebayes,flink,bigdatabench,16,2133,2,2.1,16,1,0.999,2.00697,0.445653,0.566769,81.5255,68.2024,2.98902,0.0711202,68.2707,2.99202,16367.5
naivebayes,flink,bigdatabench,16,2133,2,2.1,16,1,0.999,1.93871,0.426148,0.554977,82.0427,67.7706,2.93609,0.0706359,67.8384,2.93902,15949.1
naivebayes,flink,bigdatabench,16,2133,2,2.1,16,1,1.007,1.938,0.41982,0.55452,82.47,67.7825,2.9714,0.0712492,67.3114,2.95074,16001.3
naivebayes,flink,bigdatabench,16,2133,2,2.1,16,1,1.004,1.96492,0.414032,0.554614,83.339,68.3353,3.05454,0.0716754,68.063,3.04237,16438.1
naivebayes,flink,bigdatabench,16,2133,2,2.1,16,1,0.999,1.9084,0.431046,0.539737,83.8296,68.1364,3.04123,0.0711065,68.2046,3.04427,16299
naivebayes,flink,bigdatabench,16,2133,2,2.1,16,1,0.999,1.94394,0.397556,0.537764,84.2178,68.4663,3.09701,0.0714918,68.5348,3.10011,16653.5
naivebayes,flink,bigdatabench,16,2133,2,2.1,16,1,1.03,1.97499,0.413922,0.552806,82.1165,67.8115,3.01745,0.0729538,65.8364,2.92956,16320.2
naivebayes,flink,bigdatabench,16,2133,2,2.1,16,1,0.999,1.96923,0.405974,0.549133,82.5467,68.2027,3.03898,0.0711704,68.271,3.04202,16293.7
naivebayes,flink,bigdatabench,16,2133,2,2.1,16,1,1.001,1.93576,0.416032,0.55176,79.2003,66.5778,2.93049,0.0695778,66.5112,2.92756,15530.3
naivebayes,flink,bigdatabench,16,2133,2,2.1,16,1,1,1.9721,0.411609,0.549639,83.2508,68.41,3.03907,0.071449,68.41,3.03907,16469.2
naivebayes,flink,bigdatabench,16,2133,2,2.1,16,1,1,2.03307,0.404762,0.552826,83.5338,68.9424,3.04612,0.0719886,68.9424,3.04612,17034.1
naivebayes,flink,bigdatabench,16,2133,2,2.1,16,1,1.007,1.98311,0.421332,0.551855,83.5032,68.6631,2.99673,0.0721614,68.1858,2.9759,16647.8
naivebayes,flink,bigdatabench,16,2133,2,2.1,16,1,0.999,1.99528,0.417058,0.552843,83.4873,69.0723,3.09389,0.072094,69.1414,3.09699,16702.3
naivebayes,flink,bigdatabench,16,2133,2,2.1,16,1,1,1.99116,0.415416,0.551313,82.4521,68.2161,3.0533,0.0712694,68.2161,3.0533,16485
naivebayes,flink,bigdatabench,16,2133,2,2.1,16,1,1.014,1.97406,0.403484,0.546816,82.7102,68.1212,3.01678,0.0721339,67.1806,2.97513,16495.9
naivebayes,flink,bigdatabench,16,2133,2,2.1,16,1,1,2.03205,0.404361,0.548898,82.6099,68.4629,3.03783,0.0715007,68.4629,3.03783,16814.4
naivebayes,flink,bigdatabench,16,2133,2,2.1,16,1,0.998,0.938183,0.436503,0.532865,78.2295,58.9133,1.50668,0.0602991,59.0313,1.5097,5020.35
naivebayes,flink,bigdatabench,16,2133,2,2.1,16,1,0.999,0.435688,0.850833,0.715436,74.5,54.0352,0.845876,0.0548262,54.0892,0.846723,60.9728
naivebayes,flink,bigdatabench,16,2133,2,2.1,16,1,0.998,0.434866,0.374641,0.483901,74.7501,54.1769,0.894407,0.0549611,54.2855,0.8962,364.509
naivebayes,flink,bigdatabench,16,2133,2,2.1,16,1,0.998,0.436162,0.849019,0.683881,74.6593,54.0634,0.840949,0.0547946,54.1718,0.842634,79.8107
naivebayes,flink,bigdatabench,16,2133,2,2.1,16,1,0.998,0.43599,0.89935,0.687499,74.6626,54.0717,0.827041,0.0547889,54.18,0.828699,63.0383
naivebayes,flink,bigdatabench,16,2133,2,2.1,16,1,0.998,0.435961,0.925537,0.621263,74.6668,54.1901,0.807412,0.0548875,54.2987,0.80903,61.2102
naivebayes,flink,bigdatabench,16,2133,2,2.1,16,1,0.998,0.434929,0.432619,0.49051,74.8298,54.176,0.842999,0.054909,54.2846,0.844689,316.734
naivebayes,flink,bigdatabench,16,2133,2,2.1,16,1,0.998,0.435849,0.883786,0.586354,74.911,54.315,0.810716,0.0550155,54.4239,0.812341,80.1839
naivebayes,flink,bigdatabench,16,2133,2,2.1,16,1,0.998,0.433257,0.944374,0.544938,74.0611,53.6636,0.804076,0.0543588,53.7712,0.805688,30.4783
naivebayes,flink,bigdatabench,16,2133,2,2.1,16,1,0.998,0.415936,0.0472118,0.125854,77.2709,55.9434,1.6125,0.0574408,56.0555,1.61573,6918.85
naivebayes,flink,bigdatabench,16,2133,2,2.1,16,1,1.003,0.678812,0.091565,0.209007,77.0302,58.6698,2.49416,0.0613475,58.4943,2.4867,14311.8
naivebayes,flink,bigdatabench,16,2133,2,2.1,16,1,0.998,0.961639,0.201322,0.293341,84.1016,62.6956,2.69384,0.0652586,62.8212,2.69924,14383.4
naivebayes,flink,bigdatabench,16,2133,2,2.1,16,1,1.001,0.657215,0.101974,0.221501,77.8608,58.91,2.5025,0.0614739,58.8512,2.5,13792.9
naivebayes,flink,bigdatabench,16,2133,2,2.1,16,1,0.999,1.69757,0.28631,0.468971,85.6499,67.7463,3.05281,0.0707283,67.8141,3.05586,16815.6
naivebayes,flink,bigdatabench,16,2133,2,2.1,16,1,0.999,2.01629,0.40235,0.550439,82.8127,68.4957,3.10764,0.0715317,68.5642,3.11075,16688.2
naivebayes,flink,bigdatabench,16,2133,2,2.1,16,1,0.998,2.02164,0.395648,0.550149,82.3445,68.3587,3.12703,0.0713428,68.4957,3.1333,16697.8
naivebayes,flink,bigdatabench,16,2133,2,2.1,16,1,0.999,2.03519,0.402307,0.549736,81.7862,68.4529,3.14173,0.0715231,68.5215,3.14488,16636.1
naivebayes,flink,bigdatabench,16,2133,2,2.1,16,1,0.998,2.03987,0.397558,0.550096,81.8243,68.2584,3.05966,0.0711754,68.3952,3.06579,16679.7
naivebayes,flink,bigdatabench,16,2133,2,2.1,16,1,0.999,1.95938,0.455615,0.544762,87.7513,70.354,3.25163,0.073532,70.4244,3.25489,17524.8
naivebayes,flink,bigdatabench,16,2133,2,2.1,16,1,0.998,2.02104,0.393841,0.543739,82.5553,68.5275,3.14824,0.0715323,68.6648,3.15454,16824.6
naivebayes,flink,bigdatabench,16,2133,2,2.1,16,1,1.001,1.97964,0.430523,0.551981,83.6794,69.0458,3.08456,0.0722025,68.9768,3.08148,16627
naivebayes,flink,bigdatabench,16,2133,2,2.1,16,1,1.006,1.8767,0.44427,0.527459,80.8275,67.4681,2.85331,0.0707434,67.0657,2.83629,14448.7
naivebayes,flink,bigdatabench,16,2133,2,2.1,16,1,0.998,1.88737,0.43783,0.523812,84.3336,69.3547,2.82955,0.0720399,69.4937,2.83522,13257.1
naivebayes,flink,bigdatabench,16,2133,2,2.1,16,1,0.998,1.75696,0.395565,0.530513,81.2112,66.718,2.50192,0.0690814,66.8517,2.50693,11010.2
naivebayes,flink,bigdatabench,16,2133,2,2.1,16,1,0.999,1.8597,0.465136,0.566237,85.1548,69.3904,2.56699,0.0718855,69.4599,2.56956,10953.9
naivebayes,flink,bigdatabench,16,2133,2,2.1,16,1,0.999,1.90049,0.458244,0.579486,83.0277,68.6865,2.52473,0.07114,68.7553,2.52726,10639
naivebayes,flink,bigdatabench,16,2133,2,2.1,16,1,0.999,1.90615,0.458101,0.553636,82.8294,68.7651,2.58905,0.0712828,68.834,2.59164,10943.2
naivebayes,flink,bigdatabench,16,2133,2,2.1,16,1,0.999,1.92437,0.462983,0.545877,83.6706,69.3455,2.58123,0.0718548,69.4149,2.58382,11120.3
naivebayes,flink,bigdatabench,16,2133,2,2.1,16,1,1.008,1.83669,0.392234,0.523679,76.5482,66.4135,2.4889,0.0694536,65.8864,2.46914,10579.4
naivebayes,flink,bigdatabench,16,2133,2,2.1,16,1,0.998,1.97467,0.451448,0.579751,82.9467,69.4169,2.57081,0.0718437,69.556,2.57597,11182.1
naivebayes,flink,bigdatabench,16,2133,2,2.1,16,1,0.998,1.95627,0.454519,0.566298,83.1876,69.2538,2.56743,0.0716776,69.3926,2.57258,11268.6
naivebayes,flink,bigdatabench,16,2133,2,2.1,16,1,0.998,1.91166,0.454989,0.554591,83.0022,68.9491,2.51351,0.0713197,69.0873,2.51855,11084.7
naivebayes,flink,bigdatabench,16,2133,2,2.1,16,1,0.998,1.88698,0.404124,0.538937,80.2885,67.5349,2.49196,0.0698868,67.6703,2.49695,10980.5
naivebayes,flink,bigdatabench,16,2133,2,2.1,16,1,0.998,1.89939,0.444322,0.576618,78.4869,66.8483,2.46555,0.0691752,66.9823,2.47049,10768.7
naivebayes,flink,bigdatabench,16,2133,2,2.1,16,1,0.998,1.99206,0.464009,0.568393,82.6203,69.4474,2.60851,0.0719118,69.5866,2.61374,11396.2
naivebayes,flink,bigdatabench,16,2133,2,2.1,16,1,0.999,1.99164,0.36339,0.533962,81.5422,68.0656,2.86206,0.0708567,68.1337,2.86493,14518.4
naivebayes,flink,bigdatabench,16,2133,2,2.1,16,1,0.998,2.03092,0.378039,0.556481,83.1483,68.7404,2.95233,0.0715493,68.8781,2.95825,15545.1
naivebayes,flink,bigdatabench,16,2133,2,2.1,16,1,0.998,2.05676,0.386234,0.544394,83.7097,69.0045,3.08592,0.0719462,69.1427,3.0921,16421.7
naivebayes,flink,bigdatabench,16,2133,2,2.1,16,1,0.998,2.05943,0.38438,0.542513,82.9346,68.8271,3.03007,0.0717134,68.965,3.03615,16683.7
naivebayes,flink,bigdatabench,16,2133,2,2.1,16,1,0.998,2.07903,0.404134,0.555517,81.5742,68.5449,3.0852,0.0714868,68.6822,3.09138,16440.3
naivebayes,flink,bigdatabench,16,2133,2,2.1,16,1,0.998,1.97811,0.42632,0.561992,87.6285,70.3411,3.10654,0.0733008,70.4821,3.11277,16522.1
naivebayes,flink,bigdatabench,16,2133,2,2.1,16,1,1.005,2.07725,0.38297,0.537167,82.3024,68.9274,3.14695,0.0724348,68.5845,3.13129,16836.3
naivebayes,flink,bigdatabench,16,2133,2,2.1,16,1,1.012,2.05578,0.388324,0.543604,83.1002,69.7223,3.12991,0.0737264,68.8955,3.09279,16641.9
naivebayes,flink,bigdatabench,16,2133,2,2.1,16,1,0.998,2.10941,0.388037,0.542511,81.6676,69.0082,3.15234,0.0720162,69.1465,3.15865,16862.1
naivebayes,flink,bigdatabench,16,2133,2,2.1,16,1,0.998,2.06765,0.385718,0.544317,82.771,69.0317,3.14577,0.0720332,69.1701,3.15208,16720.1
naivebayes,flink,bigdatabench,16,2133,2,2.1,16,1,0.998,2.12158,0.359945,0.525125,81.3185,68.8927,3.22022,0.0719687,69.0308,3.22667,17246.9
naivebayes,flink,bigdatabench,16,2133,2,2.1,16,1,1.001,2.14838,0.391466,0.548365,80.8434,68.8544,3.22206,0.0721485,68.7856,3.21884,17281.9
naivebayes,flink,bigdatabench,16,2133,2,2.1,16,1,0.998,1.97422,0.381834,0.539559,85.1381,69.1332,3.07628,0.072065,69.2717,3.08244,15910.2
naivebayes,flink,bigdatabench,16,2133,2,2.1,16,1,0.998,2.05183,0.407244,0.551887,82.7073,69.0366,3.07836,0.0719708,69.175,3.08453,16554.7
naivebayes,flink,bigdatabench,16,2133,2,2.1,16,1,0.999,0.413982,0.0516892,0.158981,79.8457,58.1821,2.31209,0.0604337,58.2403,2.3144,12653.5
naivebayes,flink,bigdatabench,16,2133,2,2.1,16,1,0.998,1.25449,0.177717,0.351754,80.2725,63.1786,2.79655,0.0658432,63.3052,2.80215,15392.7
naivebayes,flink,bigdatabench,16,2133,2,2.1,16,1,0.999,0.411037,0.0596726,0.153666,80.0276,58.3691,2.43259,0.0607409,58.4276,2.43503,14044.5
naivebayes,flink,bigdatabench,16,2133,2,2.1,16,1,1.006,1.32032,0.189603,0.367836,78.0566,62.6224,2.70417,0.0657186,62.2489,2.68804,14882.6
naivebayes,flink,bigdatabench,16,2133,2,2.1,16,1,1,2.09128,0.386579,0.545537,83.0919,69.4958,3.18843,0.0726843,69.4958,3.18843,17006.1
naivebayes,flink,bigdatabench,16,2133,2,2.1,16,1,0.999,1.80298,0.297442,0.48086,85.9309,68.7469,3.17974,0.0718548,68.8158,3.18292,17353.1
naivebayes,flink,bigdatabench,16,2133,2,2.1,16,1,1.001,2.09352,0.386765,0.548258,83.3391,69.6296,3.17233,0.0728747,69.56,3.16916,17066.9
naivebayes,flink,bigdatabench,16,2133,2,2.1,16,1,0.998,2.11226,0.388175,0.541626,82.8025,69.7071,3.23543,0.0727966,69.8468,3.24191,17189.5
naivebayes,flink,bigdatabench,16,2133,2,2.1,16,1,0.998,2.11617,0.38798,0.53919,80.6026,68.5289,3.14091,0.0715265,68.6663,3.1472,16769.3
naivebayes,flink,bigdatabench,16,2133,2,2.1,16,1,0.998,2.03766,0.399589,0.548448,83.5966,69.2011,3.12074,0.0721772,69.3398,3.12699,16621
naivebayes,flink,bigdatabench,16,2133,2,2.1,16,1,0.998,1.29237,0.189326,0.357002,79.7563,63.6213,2.79167,0.0662801,63.7488,2.79726,14987.3
naivebayes,flink,bigdatabench,16,2133,2,2.1,16,1,0.999,0.4018,0.0485711,0.139684,78.5589,57.7664,2.44815,0.0601544,57.8242,2.4506,13634
naivebayes,flink,bigdatabench,16,2133,2,2.1,16,1,0.998,1.23904,0.186386,0.356903,82.2648,64.3082,2.85073,0.0670246,64.437,2.85644,15557.7
naivebayes,flink,bigdatabench,16,2133,2,2.1,16,1,1,0.555068,0.0725328,0.181064,77.0043,58.3663,2.48117,0.0608474,58.3663,2.48117,14060.7
naivebayes,flink,bigdatabench,16,2133,2,2.1,16,1,0.998,1.9058,0.391907,0.534387,83.4827,68.4712,2.97189,0.0713002,68.6084,2.97784,15327.2
naivebayes,flink,bigdatabench,16,2133,2,2.1,16,1,0.999,2.09264,0.406878,0.545469,81.2166,69.0484,3.1498,0.072126,69.1175,3.15295,16926.4
naivebayes,flink,bigdatabench,16,2133,2,2.1,16,1,1,2.07526,0.409709,0.54263,84.3241,70.1293,3.16448,0.0732938,70.1293,3.16448,17279.2
naivebayes,flink,bigdatabench,16,2133,2,2.1,16,1,1.008,2.05787,0.399936,0.544758,82.4138,69.1265,3.13021,0.0728347,68.5778,3.10537,16660.6
naivebayes,flink,bigdatabench,16,2133,2,2.1,16,1,1.004,2.13189,0.403967,0.549625,83.7512,70.0132,3.20224,0.0735083,69.7342,3.18949,17462.7
naivebayes,flink,bigdatabench,16,2133,2,2.1,16,1,0.998,2.04815,0.38652,0.541673,82.5987,68.7866,3.0781,0.071721,68.9245,3.08427,16568.2
naivebayes,flink,bigdatabench,16,2133,2,2.1,16,1,0.999,1.873,0.338033,0.503962,84.4302,68.558,2.98593,0.0714724,68.6267,2.98892,16211.3
naivebayes,flink,bigdatabench,16,2133,2,2.1,16,1,0.998,0.401938,0.0616641,0.151875,79.8263,58.2086,2.39912,0.0604865,58.3252,2.40392,13426.3
naivebayes,flink,bigdatabench,16,2133,2,2.1,16,1,0.999,1.2549,0.187869,0.354837,79.9781,63.3846,2.82848,0.0661468,63.448,2.83131,15148.5
naivebayes,flink,bigdatabench,16,2133,2,2.1,16,1,0.998,0.40204,0.0532914,0.14643,79.8613,58.3297,2.52017,0.0607282,58.4466,2.52522,14008.6
naivebayes,flink,bigdatabench,16,2133,2,2.1,16,1,1,1.60836,0.271793,0.451149,80.6779,65.4667,3.01988,0.0684866,65.4667,3.01988,15583.3
naivebayes,flink,bigdatabench,16,2133,2,2.1,16,1,1.017,2.00707,0.390667,0.538977,81.9463,68.4586,3.1499,0.0728258,67.3142,3.09725,16215.3
naivebayes,flink,bigdatabench,16,2133,2,2.1,16,1,1.001,2.11001,0.401223,0.550494,83.3568,69.9659,3.27343,0.0733126,69.896,3.27016,17226.1
naivebayes,flink,bigdatabench,16,2133,2,2.1,16,1,1,2.11903,0.404264,0.549515,82.9743,69.748,3.2709,0.0730189,69.748,3.2709,17224
naivebayes,flink,bigdatabench,16,2133,2,2.1,16,1,1,2.08432,0.383391,0.544368,82.6919,69.3821,3.15342,0.0725356,69.3821,3.15342,16854.6
naivebayes,flink,bigdatabench,16,2133,2,2.1,16,1,1.001,2.15936,0.395345,0.553357,83.1937,69.9871,3.27951,0.0733398,69.9171,3.27623,17531.8
naivebayes,flink,bigdatabench,16,2133,2,2.1,16,1,0.999,2.06745,0.383392,0.542808,82.2847,69.0999,3.1932,0.0722208,69.1691,3.1964,16606.2
naivebayes,flink,bigdatabench,16,2133,2,2.1,16,1,1,1.5761,0.233235,0.414289,77.0756,64.063,2.88508,0.0669481,64.063,2.88508,15128.8
naivebayes,flink,bigdatabench,16,2133,2,2.1,16,1,0.999,1.17588,0.168556,0.335287,82.6606,63.9811,2.80268,0.066717,64.0452,2.80549,15142.9
naivebayes,flink,bigdatabench,16,2133,2,2.1,16,1,1,0.574906,0.0729986,0.189064,77.2519,58.7258,2.54428,0.0612701,58.7258,2.54428,13783.6
naivebayes,flink,bigdatabench,16,2133,2,2.1,16,1,1.002,1.95416,0.375341,0.533219,80.6584,67.5914,2.9643,0.0706968,67.4565,2.95838,15490.4
naivebayes,flink,bigdatabench,16,2133,2,2.1,16,1,1.009,2.05941,0.388959,0.544545,82.337,69.2154,3.1249,0.0729914,68.598,3.09703,16547.5
naivebayes,flink,bigdatabench,16,2133,2,2.1,16,1,0.999,2.06592,0.381899,0.536891,82.8657,69.3954,3.12224,0.0724452,69.4649,3.12537,16527.4
naivebayes,flink,bigdatabench,16,2133,2,2.1,16,1,0.999,2.14743,0.422877,0.576459,88.9309,72.7583,3.16305,0.0758454,72.8311,3.16621,16000.2
naivebayes,flink,bigdatabench,16,2133,2,2.1,16,1,1.006,2.05446,0.362766,0.536774,80.9408,69.0227,2.96327,0.0724179,68.611,2.9456,13964.9
naivebayes,flink,bigdatabench,16,2133,2,2.1,16,1,1.009,2.02126,0.429797,0.549135,85.6844,71.7993,2.85965,0.0753308,71.1588,2.83414,12808.3
naivebayes,flink,bigdatabench,16,2133,2,2.1,16,1,0.998,1.93188,0.390319,0.537535,77.0535,66.7682,2.62932,0.0692587,66.902,2.63459,11214.7
naivebayes,flink,bigdatabench,16,2133,2,2.1,16,1,0.998,1.98339,0.448704,0.569792,83.6655,69.8195,2.63267,0.0723072,69.9594,2.63795,11480.6
naivebayes,flink,bigdatabench,16,2133,2,2.1,16,1,0.998,1.96012,0.455044,0.553084,83.7158,69.8527,2.6545,0.0723622,69.9927,2.65982,11451.9
naivebayes,flink,bigdatabench,16,2133,2,2.1,16,1,0.999,1.95955,0.453308,0.555867,83.0773,69.5278,2.66281,0.0721184,69.5974,2.66548,11302.1
naivebayes,flink,bigdatabench,16,2133,2,2.1,16,1,0.999,1.92258,0.393396,0.5327,76.5445,66.626,2.61148,0.0691683,66.6927,2.61409,11047.8
naivebayes,flink,bigdatabench,16,2133,2,2.1,16,1,0.999,2.00195,0.454995,0.583435,83.1896,69.7148,2.65657,0.072299,69.7846,2.65923,11382
naivebayes,flink,bigdatabench,16,2133,2,2.1,16,1,0.998,1.99243,0.463144,0.566976,82.5138,69.5327,2.6379,0.0720262,69.672,2.64319,11403.2
naivebayes,flink,bigdatabench,16,2133,2,2.1,16,1,0.998,1.96554,0.440427,0.556032,80.7444,68.6937,2.59759,0.0711487,68.8314,2.60279,11239.1
naivebayes,flink,bigdatabench,16,2133,2,2.1,16,1,0.998,1.95555,0.408657,0.582325,78.0842,67.4509,2.60753,0.0699183,67.5861,2.61276,11155.7
naivebayes,flink,bigdatabench,16,2133,2,2.1,16,1,0.999,2.06042,0.452744,0.560881,86.581,71.6231,2.89952,0.0744481,71.6948,2.90242,13381.3
naivebayes,flink,bigdatabench,16,2133,2,2.1,16,1,0.999,2.14791,0.374043,0.564986,82.8821,70.3975,3.12398,0.0734479,70.4679,3.12711,15879.9
naivebayes,flink,bigdatabench,16,2133,2,2.1,16,1,1,2.1088,0.374857,0.559498,81.8191,69.4761,3.10387,0.0725799,69.4761,3.10387,15731.5
naivebayes,flink,bigdatabench,16,2133,2,2.1,16,1,1.003,2.07443,0.380356,0.540979,81.4938,68.8937,3.11548,0.0722252,68.6877,3.10616,16328.3
naivebayes,flink,bigdatabench,16,2133,2,2.1,16,1,1.003,1.99625,0.370039,0.53,79.8084,67.7265,2.99958,0.0709383,67.5239,2.99061,15357.7
naivebayes,flink,bigdatabench,16,2133,2,2.1,16,1,0.999,2.02771,0.385029,0.537091,82.9902,69.657,2.95065,0.0725351,69.7268,2.9536,14421.5
naivebayes,flink,bigdatabench,16,2133,2,2.1,16,1,0.998,2.1369,0.428907,0.560288,71.3149,65.6565,2.74664,0.0682663,65.7881,2.75214,12891.6
naivebayes,flink,bigdatabench,16,2133,2,2.1,16,1,0.998,2.3199,0.456528,0.576722,53.0924,59.0724,2.52257,0.0614718,59.1908,2.52763,10811
naivebayes,flink,bigdatabench,16,2133,2,2.1,16,1,0.998,2.16464,0.366129,0.519564,46.7126,55.3574,2.3737,0.0576156,55.4683,2.37846,9524.98
naivebayes,flink,bigdatabench,16,2133,2,2.1,16,1,0.998,2.28917,0.612853,0.628667,37.4338,52.0039,1.95915,0.0538551,52.1081,1.96308,6645.42
naivebayes,flink,bigdatabench,16,2133,2,2.1,16,1,0.998,1.79195,0.498818,0.555172,36.0886,49.5016,1.63617,0.0510355,49.6008,1.63945,4533.01
naivebayes,flink,bigdatabench,16,2133,2,2.1,16,1,0.998,2.06654,0.710419,0.610049,31.5856,48.6646,1.55212,0.0501162,48.7621,1.55523,3764.06
naivebayes,flink,bigdatabench,16,2133,2,2.1,16,1,0.998,1.57516,0.429042,0.486092,23.0591,44.0266,1.32129,0.0452571,44.1148,1.32394,2939.29
naivebayes,flink,bigdatabench,16,2133,2,2.1,16,1,0.998,1.94727,0.32616,0.651775,62.701,61.6432,2.14382,0.0636594,61.7667,2.14812,8413.99
naivebayes,flink,bigdatabench,16,2133,2,2.1,16,1,0.998,1.24375,0.269142,0.32396,2.09997,23.9282,0.61734,0.0244964,23.9761,0.618577,759.709
naivebayes,flink,bigdatabench,16,2133,2,2.1,16,1,0.999,0.345857,0.844864,0.254354,0.315546,24.235,0.52554,0.0247358,24.2593,0.526066,6.21767
naivebayes,flink,bigdatabench,16,2133,2,2.1,16,1,0.998,0.428702,0.837732,0.29179,0.374645,21.7325,0.490044,0.0221781,21.7761,0.491026,8.5481
naivebayes,flink,bigdatabench,16,2133,2,2.1,16,1,0.999,0.632736,0.938322,0.471748,0.919071,14.1481,0.382408,0.0145159,14.1622,0.382791,17.7994
naivebayes,flink,bigdatabench,16,2133,2,2.1,16,1,0.999,0.302439,0.958806,0.272943,0.427523,12.9822,0.409612,0.0133784,12.9952,0.410022,1.76887
naivebayes,flink,bigdatabench,16,2133,2,2.1,16,1,0.998,0.327505,0.939988,0.297231,0.459542,12.1783,0.318194,0.0124715,12.2027,0.318832
